X1,X2
Basic Info,Basic Info
No data available till now,
Body and Dimension,Body and Dimension
No data available till now,
Engine and Transmission,Engine and Transmission
No data available till now,
Steering,
No data available till now,
Tires,
No data available till now,
Wheels,
No data available till now,
Brake Systems,
No data available till now,
Suspensions,
No data available till now,
Weight and Towing,
No data available till now,
Connectivity Features,No data available till now
Comfort Features,No data available till now
Safety Features,No data available till now
Other Features,No data available till now